StartTime(ns),EndTime(ns),ResponseTime(us),StatusCode,ThreadID
1753602016897332087,1753602016899723087,2391,200,2
1753602016903710851,1753602016906249851,2539,200,2
1753602016904153916,1753602016906474916,2321,200,3
1753602016908064757,1753602016911219757,3155,200,2
1753602016911902479,1753602016914269479,2367,200,2
1753602016923571096,1753602016927173096,3602,200,1
1753602016924537316,1753602016927388316,2851,200,3
1753602016927705896,1753602016930986896,3281,200,2
1753602016931297057,1753602016935179057,3882,200,1
1753602016942037744,1753602016944757744,2720,200,2
1753602016950043764,1753602016953728764,3685,200,3
1753602016960956274,1753602016963445274,2489,200,1
1753602016963641544,1753602016969868544,6227,200,2
1753602016965199559,1753602016968154559,2955,200,3
1753602016968251204,1753602016971489204,3238,200,2
1753602016970273640,1753602016972831640,2558,200,2
1753602016973879432,1753602016976461432,2582,200,3
1753602016975810199,1753602016978360199,2550,200,2
1753602016976619747,1753602016979165747,13561,200,0
1753602016987379178,1753602016990719178,3340,200,2
1753602016995456524,1753602016998601524,3145,200,1
1753602017006645064,1753602017012211064,5566,200,2
1753602017019149669,1753602017022788669,3639,200,2
1753602017025110899,1753602017028555899,3445,200,3
1753602017031473177,1753602017034890177,3417,200,1
1753602017035601022,1753602017038146022,2545,200,1
1753602017041064820,1753602017043564820,2500,200,3
1753602017044760389,1753602017047604389,2844,200,3
1753602017052090296,1753602017056528296,4438,200,1
1753602017058032595,1753602017063378595,5346,200,1
1753602017066150564,1753602017068752564,2602,200,2
1753602017078223916,1753602017081887916,3664,200,2
1753602017088194749,1753602017090591749,2397,200,1
1753602017096389779,1753602017099431779,3042,200,1
1753602017096740878,1753602017099262878,2522,200,3
1753602017099848382,1753602017102867382,3019,200,1
1753602017109001555,1753602017111739555,2738,200,1
1753602017120682526,1753602017123607526,2925,200,1
1753602017128652348,1753602017132703348,4051,200,2
1753602017128933954,1753602017131970954,3037,200,3
1753602017139315092,1753602017144001092,4686,200,3
1753602017150465365,1753602017154189365,3724,200,1
1753602017158287553,1753602017160757553,2470,200,2
1753602017168646274,1753602017171245274,2599,200,2
1753602017171024377,1753602017173972377,2948,200,2
1753602017178068982,1753602017181846982,3778,200,3
1753602017184071966,1753602017187294966,3223,200,1
1753602017187847765,1753602017190710765,2863,200,2
1753602017201380668,1753602017204947668,3567,200,2
1753602017207297530,1753602017210653530,3356,200,2
1753602017218350389,1753602017220981389,2631,200,1
1753602017231504700,1753602017233926700,2422,200,3
1753602017237884793,1753602017241892793,4008,200,3
1753602017243427859,1753602017245889859,2462,200,2
1753602017247786021,1753602017250714021,2928,200,2
1753602017249205898,1753602017252091898,2886,200,3
1753602017251388993,1753602017254458993,3070,200,2
1753602017256976814,1753602017260448814,3472,200,1
1753602017263702492,1753602017266285492,15555,200,0
1753602017272696644,1753602017275325644,6457,200,0
1753602017278132529,1753602017281035529,2903,200,3
1753602017288455832,1753602017291285832,2830,200,2
1753602017288953972,1753602017291331972,2378,200,3
1753602017290149327,1753602017292575327,2426,200,1
1753602017293575481,1753602017297050481,3475,200,2
1753602017295149043,1753602017297931043,2782,200,2
1753602017305635892,1753602017308184892,12897,200,0
1753602017317376505,1753602017322563505,5187,200,1
1753602017328574369,1753602017330855369,7236,200,0
1753602017328589994,1753602017331244994,2655,200,1
1753602017340391107,1753602017342880107,2489,200,1
1753602017346662143,1753602017349363143,2701,200,2
1753602017347397929,1753602017349842929,2445,200,2
1753602017354435415,1753602017357424415,2989,200,3
1753602017362887275,1753602017365214275,2327,200,1
1753602017369654003,1753602017373148003,3494,200,1
1753602017375654429,1753602017378913429,3259,200,3
1753602017376355026,1753602017379470026,3115,200,1
1753602017379980145,1753602017382825145,2845,200,2
1753602017381758566,1753602017384759566,3001,200,2
1753602017385668379,1753602017389719379,4051,200,1
1753602017397625314,1753602017401088314,3463,200,1
1753602017404204969,1753602017406481969,2277,200,1
1753602017404596853,1753602017407643853,3047,200,3
1753602017413149006,1753602017415778006,2629,200,3
1753602017423999183,1753602017427988183,3989,200,1
1753602017433634035,1753602017436460035,2826,200,3
1753602017437852271,1753602017440213271,2361,200,2
1753602017438037893,1753602017440885893,11498,200,0
1753602017443576108,1753602017447835108,4259,200,2
1753602017446626277,1753602017450009277,3383,200,2
1753602017458047826,1753602017460310826,2263,200,3
1753602017459587988,1753602017463897988,4310,200,3
1753602017472443738,1753602017475420738,2977,200,1
1753602017481235987,1753602017484505987,3270,200,2
1753602017483326047,1753602017488429047,5103,200,3
1753602017495986221,1753602017498981221,2995,200,2
1753602017499948056,1753602017502932056,2984,200,1
1753602017509523572,1753602017523145572,13622,200,2
1753602017515163590,1753602017517896590,2733,200,1
1753602017521713216,1753602017525408216,3695,200,3
1753602017528123300,1753602017531472300,3349,200,2
1753602017534323887,1753602017537328887,3005,200,3
1753602017536287310,1753602017539020310,2733,200,1
1753602017538874725,1753602017542232725,3358,200,1
1753602017547010896,1753602017549677896,2667,200,2
1753602017557141344,1753602017559229344,12003,200,0
1753602017558994358,1753602017564627358,5633,200,3
1753602017559941985,1753602017563128985,3187,200,3
1753602017570430560,1753602017573638560,3208,200,2
1753602017582028667,1753602017597521667,15493,200,2
1753602017586642258,1753602017590820258,4178,200,3
1753602017597335023,1753602017599918023,2583,200,2
1753602017600961722,1753602017603721722,2760,200,1
1753602017600996543,1753602017605320543,10796,200,0
1753602017610852225,1753602017614218225,3366,200,2
1753602017622220430,1753602017624626430,2406,200,3
1753602017630092522,1753602017635100522,5008,200,2
1753602017639050799,1753602017642495799,3445,200,3
1753602017650796163,1753602017653546163,2750,200,2
1753602017656857761,1753602017660197761,3340,200,1
1753602017663432388,1753602017666337388,2905,200,1
1753602017667945049,1753602017671406049,3461,200,1
1753602017678300562,1753602017682017562,3717,200,2
1753602017683420949,1753602017687054949,3634,200,3
1753602017696083827,1753602017698703827,2620,200,1
1753602017707888119,1753602017713966119,6078,200,1
1753602017721201513,1753602017723910513,9843,200,0
1753602017724443147,1753602017727787147,3344,200,3
1753602017729641733,1753602017732891733,3250,200,2
1753602017741261567,1753602017744117567,2856,200,1
1753602017746837578,1753602017750143578,3306,200,1
1753602017751156620,1753602017753881620,2725,200,1
1753602017757576973,1753602017761660973,4084,200,2
1753602017769976209,1753602017773077209,3101,200,3
1753602017775151180,1753602017778048180,2897,200,1
1753602017788568274,1753602017791761274,3193,200,3
1753602017799324516,1753602017801799516,2475,200,3
1753602017808175261,1753602017811795261,3620,200,3
1753602017810239994,1753602017814299994,4060,200,3
1753602017823336875,1753602017826150875,10479,200,0
1753602017825050588,1753602017828717588,3667,200,3
1753602017838154651,1753602017842377651,4223,200,2
1753602017842661268,1753602017846030268,3369,200,2
1753602017844023653,1753602017846651653,2628,200,2
1753602017855494528,1753602017858485528,2991,200,1
1753602017856848051,1753602017859936051,3088,200,3
1753602017869206720,1753602017871836720,2630,200,3
1753602017869415053,1753602017871999053,2584,200,3
1753602017871371871,1753602017875093871,3722,200,1
1753602017883194234,1753602017889192234,5998,200,3
1753602017896360783,1753602017900034783,3674,200,2
1753602017897376529,1753602017900541529,3165,200,1
1753602017907985240,1753602017910989240,3004,200,1
1753602017911582756,1753602017914202756,2620,200,3
1753602017920043107,1753602017922964107,2921,200,3
1753602017925438691,1753602017928475691,3037,200,3
1753602017926528920,1753602017929081920,14403,200,0
1753602017930988989,1753602017933367989,2379,200,1
1753602017940142965,1753602017942787965,2645,200,2
1753602017947386550,1753602017950496550,3110,200,1
1753602017960338391,1753602017963134391,2796,200,3
1753602017968846793,1753602017973516793,4670,200,1
1753602017980893211,1753602017984784211,3891,200,1
1753602017987516789,1753602017990053789,12856,200,0
1753602017994860738,1753602017997351738,2491,200,3
1753602018003242359,1753602018006497359,3255,200,3
1753602018006429216,1753602018008989216,2560,200,3
1753602018015719507,1753602018019696507,3977,200,1
1753602018019620495,1753602018022347495,2727,200,2
1753602018022708477,1753602018025695477,2987,200,2
1753602018023935319,1753602018027154319,3219,200,1
1753602018037215634,1753602018040759634,3544,200,3
1753602018047537171,1753602018050542171,10861,200,0
1753602018057092043,1753602018061407043,4315,200,1
1753602018058456365,1753602018062056365,6156,200,0
1753602018060714661,1753602018064902661,4188,200,1
1753602018064779723,1753602018069025723,18426,200,0
1753602018065172663,1753602018067572663,2400,200,2
1753602018069575843,1753602018071850843,2275,200,3
1753602018070337625,1753602018073154625,2817,200,1
1753602018075203537,1753602018078231537,3028,200,3
1753602018081049837,1753602018085745837,4696,200,2
1753602018084364662,1753602018088182662,3818,200,2
1753602018089958003,1753602018092751003,2793,200,2
1753602018099213011,1753602018102241011,3028,200,2
1753602018101657169,1753602018104946169,3289,200,1
1753602018104033624,1753602018106931624,2898,200,2
1753602018112307089,1753602018115177089,2870,200,3
1753602018117499885,1753602018120823885,3324,200,1
1753602018126773004,1753602018130360004,3587,200,3
1753602018133528521,1753602018135746521,2218,200,3
1753602018141444509,1753602018144101509,2657,200,2
1753602018144596320,1753602018147206320,2610,200,3
1753602018153255471,1753602018155818471,2563,200,2
1753602018159493849,1753602018163347849,3854,200,3
1753602018168545789,1753602018171125789,2580,200,1
1753602018180747903,1753602018183163903,2416,200,3
1753602018187063421,1753602018189457421,2394,200,3
1753602018190967838,1753602018193725838,2758,200,1
1753602018198387561,1753602018201811561,3424,200,1
1753602018199390189,1753602018203890189,4500,200,1
1753602018212221164,1753602018218233164,6012,200,3
1753602018225627910,1753602018229687910,4060,200,1
1753602018229688739,1753602018232488739,2800,200,1
1753602018242747674,1753602018245498674,2751,200,1
1753602018252118242,1753602018254930242,2812,200,1
1753602018258319498,1753602018261889498,3570,200,2
1753602018262420608,1753602018265049608,2629,200,1
1753602018275986471,1753602018280315471,4329,200,2
1753602018287569959,1753602018290122959,2553,200,2
1753602018289017709,1753602018292791709,3774,200,1
1753602018294194487,1753602018297315487,3121,200,1
1753602018299067130,1753602018301411130,2344,200,1
1753602018303083410,1753602018306171410,3088,200,2
1753602018312575680,1753602018315455680,2880,200,1
1753602018312873496,1753602018315490496,2617,200,2
1753602018324140730,1753602018328470730,4330,200,3
1753602018329513542,1753602018331949542,2436,200,1
1753602018329623466,1753602018332658466,3035,200,1
1753602018341366208,1753602018344027208,2661,200,2
1753602018351931295,1753602018354409295,2478,200,2
1753602018365147336,1753602018367647336,2500,200,3
1753602018377508384,1753602018381165384,3657,200,2
1753602018387623624,1753602018390352624,2729,200,2
1753602018398928884,1753602018401812884,2884,200,3
1753602018411185653,1753602018416042653,4857,200,3
1753602018421715845,1753602018424211845,2496,200,3
1753602018424839556,1753602018429242556,4403,200,2
1753602018435725274,1753602018438251274,2526,200,2
1753602018438698121,1753602018445835121,7137,200,3
1753602018441279042,1753602018445066042,3787,200,1
1753602018444681142,1753602018447320142,2639,200,1
1753602018454937625,1753602018458277625,3340,200,2
1753602018465355554,1753602018468451554,3096,200,3
1753602018474597730,1753602018477139730,2542,200,1
1753602018476454421,1753602018479169421,2715,200,2
1753602018477773359,1753602018481356359,3583,200,3
1753602018486290705,1753602018488765705,2475,200,1
1753602018486825841,1753602018489216841,2391,200,2
1753602018497530729,1753602018500976729,3446,200,3
1753602018497983631,1753602018501473631,3490,200,3
1753602018502936391,1753602018508114391,5178,200,1
1753602018504720223,1753602018507575223,2855,200,2
1753602018517067844,1753602018520219844,3152,200,1
1753602018521502849,1753602018523950849,2448,200,3
1753602018527143040,1753602018531524040,4381,200,1
1753602018529868702,1753602018532402702,2534,200,2
1753602018540545115,1753602018543484115,2939,200,1
1753602018552442512,1753602018554997512,2555,200,2
1753602018557408796,1753602018561145796,3737,200,1
1753602018564220342,1753602018568170342,3950,200,1
1753602018567919728,1753602018571098728,3179,200,1
1753602018570153314,1753602018572973314,2820,200,1
1753602018582560949,1753602018585073949,2513,200,3
1753602018595377700,1753602018597927700,2550,200,3
1753602018608509326,1753602018611711326,3202,200,3
1753602018612515684,1753602018615074684,2559,200,3
1753602018624330771,1753602018627187771,2857,200,3
1753602018635247718,1753602018637972718,2725,200,3
1753602018641605020,1753602018644670020,3065,200,2
1753602018642627161,1753602018648774161,6147,200,2
1753602018652864290,1753602018655344290,2480,200,2
1753602018655926866,1753602018658679866,2753,200,3
1753602018665107532,1753602018667574532,2467,200,2
1753602018674262169,1753602018677314169,3052,200,1
1753602018679656778,1753602018682260778,2604,200,1
1753602018691137224,1753602018693995224,2858,200,2
1753602018698702390,1753602018701234390,2532,200,2
1753602018699928194,1753602018703429194,3501,200,2
1753602018705284293,1753602018708211293,2927,200,3
1753602018708874150,1753602018712168150,3294,200,1
1753602018710551788,1753602018714228788,3677,200,1
1753602018715555105,1753602018718061105,2506,200,1
1753602018725722463,1753602018727986463,2264,200,2
1753602018729281138,1753602018732466138,3185,200,3
1753602018734453317,1753602018737500317,3047,200,3
1753602018743121219,1753602018746756219,3635,200,3
1753602018748163738,1753602018751211738,3048,200,2
1753602018757324217,1753602018760495217,3171,200,1
1753602018763724217,1753602018766027217,2303,200,3
1753602018772134173,1753602018775068173,2934,200,2
1753602018784937097,1753602018788362097,8265,200,0
1753602018789389574,1753602018792207574,2818,200,2
1753602018797671053,1753602018800618053,2947,200,1
1753602018806462524,1753602018808676524,2214,200,3
1753602018815087730,1753602018818192730,3105,200,3
1753602018821389867,1753602018824844867,3455,200,2
1753602018830906545,1753602018833816545,2910,200,3
1753602018839719559,1753602018842653559,2934,200,2
1753602018841303360,1753602018845587360,4284,200,1
1753602018841918914,1753602018844444914,2526,200,1
1753602018842424045,1753602018845823045,3399,200,3
1753602018855943128,1753602018858716128,2773,200,2
1753602018857519390,1753602018860275390,2756,200,1
1753602018860706651,1753602018863914651,3208,200,3
1753602018868003505,1753602018871835505,3832,200,2
1753602018873279126,1753602018876078126,2799,200,1
1753602018878315372,1753602018883514372,5199,200,2
1753602018891202614,1753602018894643614,3441,200,2
1753602018900656943,1753602018903875943,3219,200,3
1753602018907989714,1753602018910565714,2576,200,1
1753602018915962487,1753602018920538487,4576,200,2
1753602018925825610,1753602018931367610,5542,200,3
1753602018937844541,1753602018940623541,2779,200,2
1753602018946734691,1753602018949453691,2719,200,2
1753602018958051546,1753602018960347546,2296,200,3
1753602018966408635,1753602018969381635,2973,200,1
1753602018979155685,1753602018982695685,3540,200,3
1753602018982952980,1753602018985721980,2769,200,1
1753602018992323103,1753602018994943103,2620,200,3
1753602018995272401,1753602018997486401,2214,200,2
1753602019001308865,1753602019008174865,6866,200,3
1753602019004513944,1753602019007989944,3476,200,2
1753602019009437177,1753602019013152177,3715,200,3
1753602019022752649,1753602019025716649,2964,200,1
1753602019027738988,1753602019030062988,2324,200,3
1753602019039978943,1753602019042810943,2832,200,2
1753602019048732058,1753602019055367058,6635,200,2
1753602019049553987,1753602019053365987,3812,200,2
1753602019053298902,1753602019056368902,3070,200,2
1753602019066441697,1753602019069688697,3247,200,2
1753602019079323917,1753602019082178917,2855,200,1
1753602019090511789,1753602019095279789,4768,200,1
1753602019091756197,1753602019094939197,3183,200,3
1753602019094635399,1753602019097387399,2752,200,3
1753602019103316110,1753602019106139110,2823,200,3
1753602019116498087,1753602019119801087,3303,200,2
1753602019117184658,1753602019119984658,2800,200,1
1753602019121711833,1753602019125287833,3576,200,2
1753602019135134450,1753602019138630450,3496,200,3
1753602019145817179,1753602019151141179,5324,200,3
1753602019148602714,1753602019151163714,13214,200,0
1753602019159866965,1753602019163106965,3240,200,1
1753602019167389984,1753602019170369984,2980,200,1
1753602019175349763,1753602019178875763,3526,200,3
1753602019186386442,1753602019190220442,3834,200,1
1753602019189549251,1753602019192027251,2478,200,2
1753602019200060814,1753602019202563814,2503,200,3
1753602019210766153,1753602019213539153,10571,200,0
1753602019218856226,1753602019221766226,2910,200,3
1753602019222620056,1753602019225737056,3117,200,3
1753602019235977615,1753602019239140615,3163,200,3
1753602019249382673,1753602019252356673,10280,200,0
1753602019256715755,1753602019259432755,2717,200,2
1753602019267555074,1753602019271005074,3450,200,3
1753602019269047254,1753602019273524254,4477,200,1
1753602019280808735,1753602019284114735,3306,200,3
1753602019282597880,1753602019285328880,2731,200,2
1753602019287460792,1753602019291049792,3589,200,3
1753602019298163251,1753602019302865251,4702,200,3
1753602019306156556,1753602019311702556,5546,200,3
1753602019306370774,1753602019309231774,2861,200,3
1753602019309972969,1753602019312683969,2711,200,1
1753602019311693635,1753602019315621635,3928,200,2
1753602019317407908,1753602019319705908,2298,200,1
1753602019318950625,1753602019322633625,3683,200,2
1753602019319813385,1753602019323959385,4146,200,3
1753602019325898437,1753602019329386437,3488,200,2
1753602019330812886,1753602019333919886,3107,200,3
1753602019338871526,1753602019341392526,2521,200,1
1753602019345007213,1753602019347782213,2775,200,3
1753602019348014610,1753602019351388610,3374,200,3
1753602019356364295,1753602019360315295,3951,200,1
1753602019366236158,1753602019369228158,2992,200,1
1753602019378571886,1753602019381950886,3379,200,1
1753602019387516078,1753602019390441078,2925,200,2
1753602019391610518,1753602019395163518,3553,200,3
1753602019400343460,1753602019404477460,4134,200,1
1753602019400766310,1753602019404392310,3626,200,2
1753602019414321493,1753602019416867493,2546,200,2
1753602019425823034,1753602019428603034,2780,200,3
1753602019431609428,1753602019434442428,2833,200,2
1753602019433074941,1753602019435512941,2438,200,2
1753602019442745337,1753602019445508337,2763,200,1
1753602019448766414,1753602019451872414,3106,200,3
1753602019460973391,1753602019463999391,3026,200,3
1753602019465345855,1753602019468106855,2761,200,3
1753602019467359392,1753602019470563392,3204,200,3
1753602019469072362,1753602019471903362,2831,200,3
1753602019477547076,1753602019480357076,2810,200,2
1753602019485493031,1753602019488539031,3046,200,3
1753602019495160054,1753602019498066054,2906,200,1
1753602019500330590,1753602019502943590,2613,200,2
1753602019508439806,1753602019511295806,2856,200,1
1753602019512442856,1753602019515636856,3194,200,3
1753602019519305391,1753602019522196391,2891,200,2
1753602019525145074,1753602019529436074,15552,200,0
1753602019535910851,1753602019539001851,3091,200,3
1753602019537463949,1753602019540268949,2805,200,1
1753602019546351262,1753602019549408262,3057,200,1
1753602019558265568,1753602019561322568,3057,200,2
1753602019565749594,1753602019568902594,3153,200,3
1753602019577498104,1753602019581136104,3638,200,1
1753602019583336031,1753602019585950031,2614,200,3
1753602019595391304,1753602019600555304,10250,200,0
1753602019601008561,1753602019603853561,2845,200,3
1753602019612240253,1753602019614939253,12947,200,0
1753602019617652762,1753602019621026762,3374,200,1
1753602019627556789,1753602019630446789,2890,200,2
1753602019631799435,1753602019635610435,3811,200,3
1753602019636041744,1753602019639339744,3298,200,1
1753602019639501711,1753602019643146711,3645,200,3
1753602019652446125,1753602019656213125,3767,200,3
1753602019661769285,1753602019664397285,2628,200,3
1753602019668207171,1753602019670981171,2774,200,3
1753602019669445489,1753602019672363489,11442,200,0
1753602019670604256,1753602019673335256,2731,200,1
1753602019676466706,1753602019679106706,2640,200,1
1753602019686574029,1753602019689462029,2888,200,2
1753602019691632474,1753602019694616474,16813,200,0
1753602019693398708,1753602019696125708,2727,200,1
1753602019694212911,1753602019697525911,3313,200,1
1753602019707198484,1753602019710529484,3331,200,1
1753602019714822980,1753602019718515980,3693,200,1
1753602019723917985,1753602019727848985,3931,200,3
1753602019729494452,1753602019732043452,2549,200,1
1753602019741353119,1753602019744914119,3561,200,1
1753602019754128361,1753602019757016361,2888,200,3
1753602019759869461,1753602019762559461,2690,200,1
1753602019772301459,1753602019774919459,2618,200,1
1753602019772999806,1753602019775862806,2863,200,3
1753602019776904193,1753602019779851193,2947,200,3
1753602019781145489,1753602019784709489,3564,200,1
1753602019782551801,1753602019785309801,2758,200,2
1753602019789439605,1753602019793069605,10833,200,0
1753602019791539969,1753602019794603969,13755,200,0
1753602019798085384,1753602019800819384,2734,200,1
1753602019809586603,1753602019812272603,2686,200,2
1753602019814339178,1753602019816940178,2601,200,3
1753602019821890129,1753602019824619129,2729,200,2
1753602019823449624,1753602019826259624,2810,200,3
1753602019827231011,1753602019829919011,2688,200,2
1753602019830300977,1753602019832958977,2658,200,3
1753602019836125906,1753602019840663906,4538,200,3
1753602019843740660,1753602019846463660,2723,200,1
1753602019854158070,1753602019856544070,2386,200,2
1753602019862597577,1753602019865619577,3022,200,1
1753602019871759958,1753602019874350958,2591,200,2
1753602019879317347,1753602019881978347,2661,200,1
1753602019887584067,1753602019891161067,3577,200,1
1753602019896513709,1753602019899192709,17252,200,0
1753602019905927141,1753602019909462141,3535,200,2
1753602019906320162,1753602019909851162,3531,200,1
1753602019910029634,1753602019912680634,2651,200,1
1753602019920378860,1753602019923394860,3016,200,3
1753602019932888148,1753602019935206148,2318,200,1
1753602019937653068,1753602019941204068,3551,200,3
1753602019940115533,1753602019943859533,3744,200,1
1753602019942060081,1753602019944885081,2825,200,1
1753602019950983118,1753602019953727118,2744,200,0
1753602019951927696,1753602019955546696,3619,200,2
1753602019961985881,1753602019965824881,3839,200,3
1753602019975177590,1753602019978728590,3551,200,3
1753602019976423142,1753602019980407142,3984,200,3
1753602019983624108,1753602019986328108,10696,200,0
1753602019988730708,1753602019991432708,2702,200,3
1753602019994888662,1753602019998289662,3401,200,3
1753602019997025393,1753602020000243393,3218,200,3
1753602020001255673,1753602020004022673,2767,200,3
1753602020005658965,1753602020008628965,2970,200,3
1753602020018437974,1753602020021611974,3174,200,0
1753602020026531334,1753602020029662334,3131,200,2
1753602020038522145,1753602020042840145,12949,200,1
1753602020040634043,1753602020043961043,3327,200,2
1753602020050875032,1753602020055370032,4495,200,3
1753602020051550526,1753602020057979526,6429,200,2
1753602020052657943,1753602020055896943,3239,200,3
1753602020058672921,1753602020061841921,3169,200,3
1753602020064428653,1753602020067540653,3112,200,1
1753602020072669325,1753602020077503325,4834,200,1
1753602020078291607,1753602020081872607,3581,200,2
1753602020081217819,1753602020084162819,2945,200,1
1753602020088172595,1753602020091617595,3445,200,3
1753602020092858098,1753602020096211098,3353,200,3
1753602020094363356,1753602020097569356,3206,200,2
1753602020103569734,1753602020106476734,2907,200,2
1753602020111621156,1753602020114737156,3116,200,1
1753602020118773952,1753602020122182952,3409,200,2
1753602020122960550,1753602020127581550,4621,200,2
1753602020125953948,1753602020128978948,3025,200,3
1753602020139317174,1753602020142312174,2995,200,3
1753602020140060804,1753602020142936804,2876,200,2
1753602020142835718,1753602020146472718,3637,200,3
1753602020155667894,1753602020158109894,2442,200,2
1753602020166084178,1753602020169352178,3268,200,2
1753602020176457178,1753602020179206178,2749,200,1
1753602020180386239,1753602020183916239,3530,200,2
1753602020182014950,1753602020185635950,3621,200,2
1753602020188766641,1753602020192777641,4011,200,2
1753602020194612510,1753602020197722510,3110,200,2
1753602020196366124,1753602020200334124,3968,200,2
1753602020203595592,1753602020218262592,14667,200,1
1753602020206719199,1753602020209095199,2376,200,3
1753602020214303517,1753602020217898517,3595,200,2
1753602020223371848,1753602020228275848,4904,200,0
1753602020228179443,1753602020230646443,2467,200,2
1753602020233569432,1753602020237493432,7313,200,1
1753602020243642173,1753602020246018173,2376,200,2
1753602020249563577,1753602020252681577,3118,200,3
1753602020255804449,1753602020258352449,2548,200,2
1753602020256861384,1753602020260051384,3190,200,2
1753602020261110983,1753602020263519983,2409,200,3
1753602020266938245,1753602020269558245,2620,200,3
1753602020272428029,1753602020276124029,18725,200,0
1753602020281117546,1753602020283800546,2683,200,2
1753602020285047531,1753602020287554531,2507,200,2
1753602020290545588,1753602020293819588,3274,200,3
1753602020303661137,1753602020307164137,8507,200,0
1753602020305994206,1753602020308684206,2690,200,3
1753602020318857470,1753602020321875470,3018,200,3
1753602020325102994,1753602020327445994,2343,200,2
1753602020334464013,1753602020337377013,2913,200,3
1753602020339375934,1753602020341751934,2376,200,3
1753602020345304019,1753602020348356019,3052,200,3
1753602020346741044,1753602020349301044,2560,200,2
1753602020352655077,1753602020356366077,3711,200,2
1753602020358090929,1753602020360681929,2591,200,3
1753602020359158513,1753602020362202513,3044,200,3
1753602020370975330,1753602020374413330,3438,200,2
1753602020381099158,1753602020383996158,16820,200,0
1753602020384106858,1753602020387644858,3538,200,3
1753602020394682889,1753602020397026889,2344,200,3
1753602020395719690,1753602020398354690,13697,200,0
1753602020404315314,1753602020406909314,2594,200,3
1753602020411517938,1753602020414783938,3431,200,0
1753602020414150058,1753602020416737058,15874,200,1
1753602020424686864,1753602020427859864,3173,200,2
1753602020429452820,1753602020432988820,3536,200,2
1753602020442460095,1753602020445784095,3324,200,2
1753602020451221574,1753602020453612574,2391,200,2
1753602020453226370,1753602020456032370,2806,200,3
1753602020454621876,1753602020457141876,2520,200,2
1753602020458096482,1753602020460967482,2871,200,3
1753602020460451621,1753602020463625621,3174,200,2
1753602020462526731,1753602020465277731,2751,200,2
1753602020472831744,1753602020476165744,16712,200,0
1753602020473854616,1753602020476685616,2831,200,3
1753602020486767804,1753602020490232804,3465,200,3
1753602020495291811,1753602020498041811,2750,200,2
1753602020501589680,1753602020504454680,10501,200,1
1753602020509242032,1753602020512108032,2866,200,3
1753602020517107944,1753602020519959944,2852,200,2
1753602020526353899,1753602020529306899,2953,200,2
1753602020538327144,1753602020541550144,3223,200,3
1753602020547055351,1753602020550971351,3916,200,0
1753602020560446897,1753602020563413897,2967,200,3
1753602020564834244,1753602020578775244,13941,200,3
1753602020578014588,1753602020580741588,16398,200,0
1753602020582305973,1753602020584930973,2625,200,2
1753602020588275474,1753602020592212474,3937,200,2
1753602020594640780,1753602020597595780,2955,200,3
1753602020603211433,1753602020606239433,3028,200,2
1753602020614021104,1753602020616607104,2586,200,3
1753602020622049252,1753602020624459252,2410,200,0
1753602020626826644,1753602020629421644,2595,200,2
1753602020627833735,1753602020634322735,6489,200,2
1753602020634101596,1753602020637302596,3201,200,0
1753602020634612090,1753602020637418090,10228,200,1
1753602020639617469,1753602020647705469,8088,200,3
1753602020643514358,1753602020646493358,2979,200,0
1753602020652265297,1753602020655049297,2784,200,0
1753602020665532456,1753602020668354456,2822,200,0
1753602020666758173,1753602020669404173,2646,200,3
1753602020674822430,1753602020677317430,2495,200,3
1753602020680041536,1753602020683010536,10407,200,1
1753602020687919140,1753602020690540140,2621,200,2
1753602020700872228,1753602020703962228,3090,200,0
1753602020710902613,1753602020713475613,2573,200,2
1753602020711459470,1753602020714299470,2840,200,0
1753602020723799247,1753602020726521247,2722,200,2
1753602020731559124,1753602020735455124,3896,200,3
1753602020734114355,1753602020737629355,3515,200,3
1753602020742326926,1753602020745034926,2708,200,0
1753602020749132669,1753602020751642669,2510,200,2
1753602020762133143,1753602020765099143,2966,200,3
1753602020768248709,1753602020772016709,3768,200,0
1753602020779257070,1753602020781717070,2460,200,0
1753602020790623935,1753602020793504935,2881,200,0
1753602020803959197,1753602020806270197,2311,200,2
1753602020805103911,1753602020808008911,2905,200,3
1753602020813874677,1753602020817201677,3327,200,3
1753602020814406006,1753602020821642006,7236,200,2
1753602020824011522,1753602020827551522,3540,200,3
1753602020837463529,1753602020839721529,2258,200,0
1753602020844577427,1753602020848219427,3642,200,0
1753602020852855149,1753602020855304149,2449,200,2
1753602020857794833,1753602020860384833,2590,200,0
1753602020870255243,1753602020872831243,2576,200,3
1753602020875514177,1753602020878837177,3323,200,2
1753602020886027046,1753602020888719046,2692,200,3
1753602020895242652,1753602020897713652,2471,200,3
1753602020895953480,1753602020898657480,2704,200,2
1753602020904517365,1753602020907245365,2728,200,0
1753602020909060018,1753602020912238018,3178,200,0
1753602020913535361,1753602020916030361,2495,200,0
1753602020921109358,1753602020924494358,3385,200,2
1753602020926356722,1753602020929051722,2695,200,0
1753602020929777405,1753602020933696405,3919,200,3
1753602020941336877,1753602020943992877,2656,200,2
1753602020954428132,1753602020957046132,2618,200,2
1753602020962609414,1753602020965240414,2631,200,3
1753602020964650636,1753602020967764636,3114,200,3
1753602020965756973,1753602020968199973,2443,200,0
1753602020974765087,1753602020977963087,3198,200,3
1753602020987209339,1753602020989848339,2639,200,0
1753602020991420538,1753602020994778538,3358,200,3
1753602021000326065,1753602021004557065,4231,200,0
1753602021009314130,1753602021013659130,4345,200,3
1753602021011064567,1753602021014917567,3853,200,2
1753602021020686540,1753602021023852540,3166,200,2
1753602021021836546,1753602021025160546,3324,200,2
1753602021029423559,1753602021033425559,4002,200,0
1753602021038158572,1753602021041422572,3264,200,0
1753602021042617433,1753602021045055433,2438,200,3
1753602021044352152,1753602021046913152,2561,200,0
1753602021053892636,1753602021057248636,3356,200,0
1753602021066749036,1753602021069174036,2425,200,3
1753602021080284907,1753602021083570907,3286,200,2
1753602021092670810,1753602021095641810,2971,200,3
1753602021093939374,1753602021096534374,2595,200,2
1753602021103040390,1753602021106156390,3116,200,0
1753602021109942799,1753602021114741799,4799,200,0
1753602021110190267,1753602021113048267,2858,200,0
1753602021114382928,1753602021117175928,2793,200,0
1753602021127294449,1753602021130489449,3195,200,0
1753602021131933249,1753602021134999249,3066,200,0
1753602021142333334,1753602021145887334,3554,200,2
1753602021144939683,1753602021149318683,9251,200,1
1753602021158513732,1753602021162252732,3739,200,0
1753602021160617014,1753602021163366014,2749,200,3
1753602021164632204,1753602021168517204,3885,200,2
1753602021175330436,1753602021177889436,2559,200,3
1753602021182222002,1753602021184856002,2634,200,2
1753602021189549048,1753602021192047048,2498,200,0
1753602021199575672,1753602021204011672,4436,200,2
1753602021206723005,1753602021209313005,2590,200,0
1753602021215708275,1753602021218345275,2637,200,3
1753602021227604752,1753602021230005752,2401,200,0
1753602021235994137,1753602021238741137,2747,200,0
1753602021244101379,1753602021248285379,4184,200,2
1753602021246195262,1753602021248995262,2800,200,2
1753602021248650131,1753602021251560131,2910,200,0
1753602021258055072,1753602021263599072,5544,200,3
1753602021266535528,1753602021269823528,3288,200,2
1753602021278788511,1753602021281944511,3156,200,2
1753602021288578113,1753602021291937113,3359,200,2
1753602021289171210,1753602021291953210,2782,200,0
1753602021294116343,1753602021296610343,2494,200,2
1753602021303884263,1753602021306669263,2785,200,3
1753602021317045814,1753602021319519814,2474,200,2
1753602021325334260,1753602021328126260,1920,200,1
1753602021335547493,1753602021338655493,3108,200,0
1753602021346187086,1753602021351779086,5592,200,0
1753602021349363527,1753602021351824527,2461,200,2
1753602021352610087,1753602021356316087,3706,200,0
1753602021365717450,1753602021369437450,3720,200,0
1753602021376364779,1753602021379328779,2964,200,3
1753602021388635658,1753602021391877658,3242,200,2
1753602021391269304,1753602021394486304,3217,200,3
1753602021400476889,1753602021402804889,2328,200,2
1753602021408219971,1753602021410498971,2279,200,3
1753602021414200801,1753602021416889801,2689,200,2
1753602021424645442,1753602021428330442,3685,200,2
1753602021435207983,1753602021439263983,4056,200,0
1753602021442034623,1753602021445201623,3167,200,3
1753602021447717678,1753602021450201678,2484,200,2
1753602021449917515,1753602021453590515,3673,200,0
1753602021452628285,1753602021455169285,2541,200,0
1753602021460836208,1753602021463123208,2287,200,0
1753602021472686656,1753602021475426656,2740,200,3
1753602021473394963,1753602021476270963,2876,200,0
1753602021479918676,1753602021482590676,2672,200,0
1753602021484957645,1753602021489174645,4217,200,2
1753602021497640088,1753602021500506088,2866,200,2
1753602021507296905,1753602021509763905,2467,200,2
1753602021514300048,1753602021517578048,3278,200,3
1753602021515992469,1753602021519739469,3747,200,2
1753602021517131020,1753602021520081020,2950,200,0
1753602021519307158,1753602021525037158,5730,200,0
1753602021525406382,1753602021527864382,2458,200,0
1753602021532374820,1753602021535596820,3222,200,3
1753602021543655753,1753602021545961753,2306,200,2
1753602021544900706,1753602021549017706,4117,200,0
1753602021557260234,1753602021563373234,6113,200,2
1753602021568346463,1753602021571044463,2698,200,0
1753602021580354752,1753602021582872752,2518,200,2
1753602021592985319,1753602021596177319,3192,200,2
1753602021598617281,1753602021601587281,2970,200,0
1753602021603998892,1753602021606839892,2841,200,2
1753602021609075182,1753602021611790182,2715,200,0
1753602021614317142,1753602021619457142,5140,200,2
1753602021615424884,1753602021622136884,6712,200,0
1753602021618472855,1753602021621093855,2621,200,2
1753602021622798800,1753602021625747800,2949,200,3
1753602021624143790,1753602021626943790,2800,200,0
1753602021633845448,1753602021636863448,3018,200,2
1753602021638396802,1753602021641215802,2819,200,2
1753602021640379328,1753602021644496328,4117,200,3
1753602021640899269,1753602021644062269,3163,200,2
1753602021653352341,1753602021656972341,3620,200,3
1753602021659765617,1753602021663587617,3822,200,3
1753602021671047415,1753602021673501415,2454,200,0
1753602021681348203,1753602021684010203,9410,200,1
1753602021687716076,1753602021690895076,3179,200,2
1753602021696069039,1753602021698460039,2391,200,2
1753602021708365481,1753602021710817481,2452,200,0
1753602021708623446,1753602021711668446,3045,200,2
1753602021711550822,1753602021715130822,3580,200,0
1753602021713580456,1753602021716237456,2657,200,2
1753602021726343428,1753602021728870428,2527,200,3
1753602021734608589,1753602021738134589,3526,200,0
1753602021740354004,1753602021743375004,3021,200,0
1753602021750890056,1753602021754012056,3122,200,3
1753602021754115871,1753602021756462871,4795,200,1
1753602021755769885,1753602021759047885,3278,200,3
1753602021759006550,1753602021761640550,2634,200,3
1753602021767679915,1753602021770089915,2410,200,0
1753602021776134174,1753602021780154174,4020,200,3
1753602021776986741,1753602021779915741,2929,200,2
1753602021788344247,1753602021792588247,4244,200,0
1753602021795129112,1753602021799059112,3930,200,2
1753602021802405702,1753602021804681702,11630,200,1
1753602021810984090,1753602021815047090,4063,200,3
1753602021818789995,1753602021823371995,4582,200,2
1753602021828543779,1753602021832748779,4205,200,3
1753602021832497611,1753602021835473611,2976,200,3
1753602021832518845,1753602021835707845,3189,200,0
1753602021837308099,1753602021840714099,3406,200,3
1753602021845054497,1753602021848404497,3350,200,3
1753602021847597164,1753602021851160164,3563,200,2
1753602021856667758,1753602021859979758,3312,200,0
1753602021863773729,1753602021867052729,3279,200,2
1753602021868668696,1753602021871824696,3156,200,3
1753602021881610547,1753602021885002547,3392,200,2
1753602021888996115,1753602021892289115,3293,200,2
1753602021899671164,1753602021902716164,3045,200,0
1753602021906561819,1753602021909490819,2929,200,3
1753602021906837844,1753602021909936844,3099,200,2
1753602021918692765,1753602021922189765,3497,200,3
1753602021919283717,1753602021921672717,2389,200,2
1753602021924535386,1753602021928394386,3859,200,0
1753602021929602729,1753602021933929729,4327,200,0
1753602021939747078,1753602021943332078,3585,200,0
1753602021944594401,1753602021947955401,3361,200,0
1753602021945511479,1753602021950215479,4704,200,3
1753602021948784610,1753602021951559610,2775,200,3
1753602021957704386,1753602021961737386,4033,200,0
1753602021959111557,1753602021962386557,3275,200,0
1753602021967010526,1753602021970402526,3392,200,2
1753602021977281963,1753602021980121963,2840,200,2
1753602021979092913,1753602021982318913,3226,200,0
1753602021983875149,1753602021987047149,3172,200,2
1753602021988470713,1753602021991967713,11459,200,1
1753602021997196256,1753602022000633256,3437,200,3
1753602022008468188,1753602022011516188,3048,200,2
1753602022017762320,1753602022020297320,2535,200,3
1753602022031076319,1753602022033935319,2859,200,0
1753602022037572076,1753602022040432076,2860,200,2
1753602022040046384,1753602022042362384,2316,200,3
1753602022041876922,1753602022044682922,2806,200,3
1753602022051596780,1753602022058476780,6880,200,2
1753602022064405622,1753602022067592622,3187,200,0
1753602022064907653,1753602022067776653,2869,200,2
1753602022067644123,1753602022070275123,14567,200,1
1753602022078382929,1753602022081270929,2888,200,0
1753602022090406972,1753602022093345972,2939,200,0
1753602022094690985,1753602022097867985,7549,200,1
1753602022098900068,1753602022102026068,3126,200,0
1753602022104305707,1753602022107203707,2898,200,2
1753602022115374328,1753602022118666328,3292,200,2
1753602022121800430,1753602022125149430,3349,200,3
1753602022122297533,1753602022129031533,6734,200,0
1753602022131078797,1753602022133743797,2665,200,2
1753602022134962571,1753602022137792571,2830,200,3
1753602022146665555,1753602022149414555,2749,200,3
1753602022147314464,1753602022150929464,3615,200,3
1753602022156215602,1753602022161738602,5523,200,2
1753602022159924344,1753602022163243344,3319,200,2
1753602022170774911,1753602022174028911,6912,200,1
1753602022176706249,1753602022179379249,2673,200,2
1753602022182136291,1753602022184747291,2611,200,2
1753602022188105437,1753602022190885437,2780,200,0
1753602022201089030,1753602022204306030,3217,200,0
1753602022205691237,1753602022208391237,2700,200,3
1753602022208227162,1753602022211396162,3169,200,0
1753602022217621553,1753602022221897553,4276,200,2
1753602022222608055,1753602022225435055,2827,200,2
1753602022233430774,1753602022235892774,2462,200,0
1753602022237051338,1753602022239874338,9566,200,1
1753602022238172736,1753602022241120736,2948,200,0
1753602022243935050,1753602022247146050,3211,200,2
1753602022249780269,1753602022252524269,2744,200,2
1753602022263288096,1753602022266602096,3314,200,0
1753602022265737678,1753602022268598678,2861,200,2
1753602022269725371,1753602022272324371,2599,200,0
1753602022271118072,1753602022273795072,2677,200,0
1753602022275569377,1753602022278211377,2642,200,0
1753602022279582502,1753602022283713502,4131,200,2
1753602022285635526,1753602022288477526,2842,200,0
1753602022295377345,1753602022298455345,3078,200,0
1753602022297639442,1753602022300492442,2853,200,3
1753602022303665217,1753602022306516217,2851,200,3
1753602022309734719,1753602022312697719,2963,200,3
1753602022319600764,1753602022323261764,3661,200,3
1753602022331975255,1753602022334972255,2997,200,3
1753602022340321474,1753602022343411474,3090,200,3
1753602022346225516,1753602022348913516,2688,200,2
1753602022354905907,1753602022357948907,3043,200,3
1753602022365649717,1753602022368645717,2996,200,0
1753602022366428316,1753602022369443316,3015,200,0
1753602022375539212,1753602022378998212,3459,200,2
1753602022381053258,1753602022384325258,3272,200,0
1753602022388018075,1753602022391429075,3411,200,2
1753602022398197465,1753602022402148465,3951,200,2
1753602022400369183,1753602022403432183,3063,200,0
1753602022400791897,1753602022404714897,3923,200,0
1753602022412312045,1753602022415105045,2793,200,3
1753602022421516672,1753602022423908672,2392,200,0
1753602022427464590,1753602022429997590,10672,200,1
1753602022429178082,1753602022432119082,2941,200,3
1753602022432381569,1753602022435898569,3517,200,0
1753602022441139246,1753602022445802246,4663,200,2
1753602022446055210,1753602022449818210,11391,200,1
1753602022458943625,1753602022461389625,2446,200,2
1753602022459383235,1753602022462031235,2648,200,2
1753602022461466060,1753602022463901060,2435,200,2
1753602022467573474,1753602022471758474,4185,200,0
1753602022472609082,1753602022476559082,3950,200,3
1753602022478635276,1753602022481509276,2874,200,0
1753602022479678947,1753602022482276947,2598,200,0
1753602022481548070,1753602022484101070,2553,200,0
1753602022486529183,1753602022489787183,3258,200,3
1753602022490796766,1753602022493316766,2520,200,0
1753602022494579803,1753602022498805803,4226,200,0
1753602022507618254,1753602022510482254,2864,200,2
1753602022507970011,1753602022510901011,2931,200,3
1753602022510495495,1753602022513152495,2657,200,2
1753602022517523559,1753602022520465559,2942,200,3
1753602022529924320,1753602022532406320,2482,200,3
1753602022531522850,1753602022534387850,2865,200,2
1753602022542042502,1753602022544697502,2655,200,3
1753602022551599369,1753602022554765369,3166,200,2
1753602022554512026,1753602022556829026,2317,200,2
1753602022562817871,1753602022573599871,10782,200,3
1753602022572238218,1753602022574667218,2429,200,2
1753602022585793972,1753602022588580972,2787,200,3
1753602022588511266,1753602022591281266,3078,200,1
1753602022590353693,1753602022593155693,2802,200,0
1753602022591358902,1753602022593818902,2460,200,0
1753602022593702602,1753602022596885602,3183,200,2
1753602022603386146,1753602022606154146,2768,200,3
1753602022616923351,1753602022619865351,2942,200,3
1753602022627925554,1753602022631816554,3891,200,0
1753602022641059585,1753602022643998585,2939,200,3
1753602022654451711,1753602022657339711,2888,200,3
1753602022663517213,1753602022667144213,3627,200,3
1753602022673148775,1753602022675793775,2645,200,2
1753602022680614638,1753602022683250638,2636,200,3
1753602022684556122,1753602022686988122,2432,200,0
1753602022688627844,1753602022691472844,11796,200,1
1753602022690765878,1753602022693455878,2690,200,3
1753602022700397757,1753602022703096757,2699,200,3
1753602022709902790,1753602022713059790,3157,200,0
1753602022712265965,1753602022714677965,2412,200,0
1753602022717172992,1753602022719966992,2794,200,0
1753602022720216929,1753602022723347929,3131,200,3
1753602022733589479,1753602022737007479,3418,200,2
1753602022744341269,1753602022747970269,3629,200,2
1753602022747554812,1753602022751431812,3877,200,0
1753602022754260847,1753602022757267847,3007,200,3
1753602022759159788,1753602022762502788,3343,200,3
1753602022766928091,1753602022772459091,5531,200,2
1753602022773272829,1753602022776011829,2739,200,3
1753602022786616594,1753602022789403594,2787,200,3
1753602022788378156,1753602022790870156,2492,200,3
1753602022800381241,1753602022803990241,3609,200,2
1753602022801273729,1753602022804473729,3200,200,0
1753602022806678498,1753602022809017498,2339,200,0
1753602022816410417,1753602022819108417,2698,200,2
1753602022822907992,1753602022825249992,2342,200,2
1753602022828484275,1753602022831620275,3136,200,2
1753602022834042075,1753602022837287075,3245,200,3
1753602022841845985,1753602022844523985,2678,200,3
1753602022843547216,1753602022846239216,2692,200,3
1753602022847850665,1753602022850474665,2624,200,3
1753602022848857408,1753602022851446408,2589,200,3
1753602022855180798,1753602022858370798,3190,200,3
1753602022862203632,1753602022865155632,2952,200,3
1753602022863945693,1753602022867038693,3093,200,3
1753602022875199572,1753602022879220572,4021,200,2
1753602022882683167,1753602022885384167,2701,200,2
1753602022890661989,1753602022894215989,3554,200,2
1753602022901084138,1753602022904424138,3340,200,3
1753602022902835678,1753602022906787678,3952,200,0
1753602022909661735,1753602022912605735,2944,200,2
1753602022921447158,1753602022924792158,3345,200,3
1753602022932732761,1753602022935188761,2456,200,2
1753602022939765669,1753602022942271669,2506,200,3
1753602022943893967,1753602022946850967,2957,200,0
1753602022946092565,1753602022948469565,2377,200,3
1753602022958781039,1753602022962062039,3281,200,3
1753602022961841655,1753602022965244655,3403,200,3
1753602022974703138,1753602022977378138,2675,200,2
1753602022981746847,1753602022984970847,3224,200,2
1753602022985602623,1753602022988822623,3220,200,2
1753602022986673096,1753602022989547096,2874,200,3
1753602022989337770,1753602022992127770,2790,200,0
1753602023002319637,1753602023006165637,3846,200,2
1753602023006045136,1753602023010102136,4057,200,0
1753602023014529418,1753602023019121418,4592,200,0
1753602023022869892,1753602023026032892,3163,200,0
1753602023024138123,1753602023027785123,3647,200,0
1753602023032839121,1753602023036037121,3198,200,2
1753602023040872546,1753602023044426546,3554,200,3
1753602023048754454,1753602023051325454,2571,200,0
1753602023051078394,1753602023055175394,4097,200,0
1753602023059555303,1753602023062038303,2483,200,2
1753602023071799394,1753602023075168394,3369,200,3
1753602023076382366,1753602023078924366,2542,200,3
1753602023088924127,1753602023092526127,3602,200,2
1753602023089483313,1753602023092460313,16045,200,1
1753602023101208595,1753602023104788595,3580,200,0
1753602023102311143,1753602023105082143,2771,200,0
1753602023115187066,1753602023119418066,4231,200,0
1753602023125653206,1753602023130897206,11202,200,1
1753602023129245742,1753602023132048742,2803,200,3
1753602023132107332,1753602023134915332,19584,200,1
1753602023139873732,1753602023144564732,4691,200,3
1753602023148264162,1753602023151113162,2849,200,0
1753602023148675273,1753602023151068273,2393,200,0
1753602023160742842,1753602023163444842,2702,200,0
1753602023168148711,1753602023171999711,3851,200,0
1753602023176862196,1753602023180157196,3295,200,0
1753602023180962932,1753602023184513932,3551,200,2
1753602023184286994,1753602023187739994,3453,200,2
1753602023195246249,1753602023198524249,3278,200,2
1753602023200758698,1753602023203575698,2817,200,3
1753602023206915272,1753602023209609272,2694,200,3
1753602023216262765,1753602023219304765,3042,200,0
1753602023218408607,1753602023221708607,3300,200,2
1753602023224050409,1753602023226962409,2912,200,3
1753602023230354917,1753602023232923917,2569,200,0
1753602023234972815,1753602023237365815,2393,200,2
1753602023236923026,1753602023240069026,3146,200,2
1753602023248617140,1753602023251373140,2756,200,0
1753602023252951657,1753602023259460657,6509,200,0
1753602023266363448,1753602023270318448,3955,200,2
1753602023271051634,1753602023273444634,2393,200,2
1753602023276463959,1753602023280648959,4185,200,2
1753602023286789504,1753602023289935504,3146,200,2
1753602023293780033,1753602023297268033,3488,200,0
1753602023295221412,1753602023298033412,2812,200,0
1753602023298502850,1753602023302460850,3958,200,3
1753602023300166007,1753602023304281007,4115,200,2
1753602023306268988,1753602023309609988,3341,200,3
1753602023308181312,1753602023312933312,4752,200,0
1753602023308868246,1753602023312332246,3464,200,3
1753602023321701247,1753602023324324247,2623,200,2
1753602023333431724,1753602023336110724,2679,200,3
1753602023339107638,1753602023342173638,3066,200,0
1753602023352175489,1753602023355383489,9006,200,1
1753602023364423787,1753602023366814787,2391,200,3
1753602023375466233,1753602023378832233,3366,200,3
1753602023388141319,1753602023392185319,4044,200,2
1753602023397930180,1753602023401306180,3376,200,2
1753602023400507057,1753602023404318057,3811,200,2
1753602023402670029,1753602023405065029,2395,200,0
1753602023416189683,1753602023418941683,2752,200,3
1753602023422526402,1753602023425270402,2744,200,2
1753602023434459297,1753602023437297297,2838,200,3
1753602023441210783,1753602023444028783,2818,200,2
1753602023442433142,1753602023444935142,2502,200,0
1753602023447771155,1753602023451992155,4221,200,2
1753602023453977771,1753602023456706771,2729,200,2
1753602023457245509,1753602023462513509,5268,200,2
1753602023465164036,1753602023467809036,2645,200,2
1753602023465824539,1753602023468174539,2350,200,2
1753602023469643773,1753602023472188773,2545,200,0
1753602023477754712,1753602023481440712,3686,200,0
1753602023489195862,1753602023491833862,2638,200,0
1753602023498324903,1753602023501707903,3383,200,0
1753602023502203756,1753602023505930756,3727,200,0
1753602023502314759,1753602023505712759,3398,200,3
1753602023503773963,1753602023506096963,2323,200,2
1753602023505592045,1753602023507973045,2381,200,0
1753602023509182097,1753602023511889097,2707,200,0
1753602023514147296,1753602023516757296,2610,200,2
1753602023519621214,1753602023522172214,2551,200,3
1753602023520235350,1753602023524214350,3979,200,2
1753602023520929783,1753602023523930783,13235,200,1
1753602023528556091,1753602023531660091,3104,200,0
1753602023533477121,1753602023540580121,7103,200,2
1753602023537394706,1753602023539857706,2463,200,2
1753602023542639146,1753602023545414146,2775,200,0
